Link Name,Center of Mass X,Center of Mass Y,Center of Mass Z,Center of Mass Roll,Center of Mass Pitch,Center of Mass Yaw,Mass,Moment Ixx,Moment Ixy,Moment Ixz,Moment Iyy,Moment Iyz,Moment Izz,Visual X,Visual Y,Visual Z,Visual Roll,Visual Pitch,Visual Yaw,Mesh Filename,Color Red,Color Green,Color Blue,Color Alpha,Collision X,Collision Y,Collision Z,Collision Roll,Collision Pitch,Collision Yaw,Collision Mesh Filename,Material Name,SW Components,Coordinate System,Axis Name,Joint Name,Joint Type,Joint Origin X,Joint Origin Y,Joint Origin Z,Joint Origin Roll,Joint Origin Pitch,Joint Origin Yaw,Parent,Joint Axis X,Joint Axis Y,Joint Axis Z,Limit Effort,Limit Velocity,Limit Lower,Limit Upper,Calibration rising,Calibration falling,Dynamics Damping,Dynamics Friction,Safety Soft Upper,Safety Soft Lower,Safety K Position,Safety K Velocity
base_link,0.038064,-0.003999,0.017013,0,0,0,0.53977,0.00077552,-3.5635E-08,-2.3856E-08,0.0019775,7.0254E-09,0.0024847,0,0,0,0,0,0,package://amph/meshes/base_link.STL,1,1,1,0.25,0,0,0,0,0,0,package://amph/meshes/base_link.STL,,新躯干-1;新躯干盖-1;后腿-6/单轴舵机-1;后腿-4/单轴舵机-1;后腿-1/单轴舵机-1;后腿-5/单轴舵机-1,Origin_global,,,,0,0,0,0,0,0,,0,0,0,,,,,,,,,,,,
Front_Left_Side_link,0.0184232919697395,0.00102036842326376,-0.00186242376711977,0,0,0,0.0514129225170335,1.20650402291853E-05,-1.13226780411529E-09,-6.16779591775332E-07,8.77945426454881E-06,-1.28748091578498E-09,9.29819859274664E-06,0,0,0,0,0,0,package://amph/meshes/Front_Left_Side_link.STL,1,1,1,1,0,0,0,0,0,0,package://amph/meshes/Front_Left_Side_link.STL,,后腿-5/新关节1改-1;后腿-5/双轴舵机-2;后腿-5/舵盘-1,Front_Left_Side_joint,A_Front_Left_Side,Front_Left_Side_joint,revolute,0.15477759334008,0.0570000000000263,0.00155612434018304,0,0,0,base_link,-1,0,0,3.5,12,-0.52,2.36,,,,,,,,
Front_Left_Thigh_link,-0.026,0.035884,-0.014811,0,0,0,0.036322,1.6726E-05,-8.1709E-11,2.2982E-11,2.1512E-05,5.6438E-06,2.927E-05,0,0,0,0,0,0,package://amph/meshes/Front_Left_Thigh_link.STL,1,1,1,1,0,0,0,0,0,0,package://amph/meshes/Front_Left_Thigh_link.STL,,后腿-5/新关节2-1,Front_Left_Thigh_joint,A_Front_Left_Thigh_joint,Front_Left_Thigh_joint,revolute,0.0220000079843493,0.0260999999999999,-0.0219999999987494,0,0,1.5707963267949,Front_Left_Side_link,-0.999999999999836,0,0,3.5,12,-1.31,1.31,,,,,,,,
Front_Left_Calf_link,-0.0255040747565971,0.00205150277579838,-0.0486018692135873,0,0,0,0.0748654725614772,1.63480743369102E-05,3.48114049152777E-08,2.01689874476589E-08,1.93580811877548E-05,-3.49444749657467E-07,8.84662820693431E-06,0,0,0,0,0,0,package://amph/meshes/Front_Left_Calf_link.STL,0.792156862745098,0.819607843137255,0.933333333333333,1,0,0,0,0,0,0,package://amph/meshes/Front_Left_Calf_link.STL,,后腿-5/登山杖杖尖-1;后腿-5/新下肢 新(2)-1;后腿-5/双轴舵机-1,Front_Left_Calf_joint,A_Front_Left_Calf_joint,Front_Left_Calf_joint,revolute,0,0.0702306452880413,-0.0383100047301657,-0.958131422681285,0,0,Front_Left_Thigh_link,0.999999999999836,0,0,3.5,12,-2.36,0.79,,,,,,,,
Front_Left_Foot_link,-0.0085301,-0.00027102,0.010929,0,0,0,0.021376,2.8898E-06,-3.4113E-08,1.6013E-06,6.1413E-06,-1.8491E-08,4.7851E-06,0,0,0,0,0,0,package://amph/meshes/Front_Left_Foot_link.STL,0.79216,0.81961,0.93333,1,0,0,0,0,0,0,package://amph/meshes/Front_Left_Foot_link.STL,,后腿-5/登山杖杖尖-1,Front_Left_Foot,A_Front_Left_Foot,A_Front_Left_Foot,fixed,-0.0244001461107092,0.0112213171848542,-0.115181778306931,0,0.958131422681285,-1.5707963267949,Front_Left_Calf_link,0,0,0,,,,,,,,,,,,
Front_Right_Side_link,0.0184232919684947,0.00102036842326379,-0.00186242376837317,0,0,0,0.0514129225170336,1.20650402291853E-05,-1.13226780412249E-09,-6.16779591775324E-07,8.77945426454883E-06,-1.28748091578583E-09,9.29819859274665E-06,0,0,0,0,0,0,package://amph/meshes/Front_Right_Side_link.STL,1,1,1,1,0,0,0,0,0,0,package://amph/meshes/Front_Right_Side_link.STL,,后腿-6/新关节1改-1;后腿-6/双轴舵机-2;后腿-6/舵盘-1,Front_Right_Side_joint,A_Front_Right_Side_joint,Front_Right_Side_joint,revolute,0.154777636868688,-0.0649999999999737,0.00155612434143641,0,0,0,base_link,-1,0,0,3.5,12,-2.36,0.52,,,,,,,,
Front_Right_Thigh_link,-0.026,0.035884,-0.014811,0,0,0,0.036322,1.6726E-05,-8.1709E-11,2.2982E-11,2.1512E-05,5.6438E-06,2.927E-05,0,0,0,0,0,0,package://amph/meshes/Front_Right_Thigh_link.STL,1,1,1,1,0,0,0,0,0,0,package://amph/meshes/Front_Right_Thigh_link.STL,,后腿-6/新关节2-1,Front_Right_Thigh_joint,A_Front_Right_Thigh_joint,Front_Right_Thigh_joint,revolute,0.0220000079831044,0.0260999999999999,-0.0220000000000028,0,0,1.5707963267949,Front_Right_Side_link,-0.999999999999836,0,0,3.5,12,-1.31,1.31,,,,,,,,
Front_Right_Calf_link,-0.025504,0.0020515,-0.048602,0,0,0,0.074865,1.6348E-05,3.4811E-08,2.0169E-08,1.9358E-05,-3.4944E-07,8.8466E-06,0,0,0,0,0,0,package://amph/meshes/Front_Right_Calf_link.STL,0.79216,0.81961,0.93333,1,0,0,0,0,0,0,package://amph/meshes/Front_Right_Calf_link.STL,,后腿-6/登山杖杖尖-1;后腿-6/新下肢 新(2)-1;后腿-6/双轴舵机-1,Front_Right_Calf_joint,A_Front_Right_Calf_joint,Front_Right_Calf_joint,revolute,0,0.0702306452593267,-0.0383099809708292,-0.958131422681286,0,0,Front_Right_Thigh_link,0.999999999999836,0,0,3.5,12,-2.36,0.79,,,,,,,,
Front_Right_Foot_link,-0.0085301,-0.00027102,0.010929,0,0,0,0.021376,2.8898E-06,-3.4113E-08,1.6013E-06,6.1413E-06,-1.8491E-08,4.7851E-06,0,0,0,0,0,0,package://amph/meshes/Front_Right_Foot_link.STL,0.79216,0.81961,0.93333,1,0,0,0,0,0,0,package://amph/meshes/Front_Right_Foot_link.STL,,后腿-6/登山杖杖尖-1,Front_Right_Foot,A_Front_Right_Foot,A_Front_Right_Foot,fixed,-0.0244001461107092,0.0112213171848544,-0.115181778306931,0,0.958131422681286,-1.5707963267949,Front_Right_Calf_link,0,0,0,,,,,,,,,,,,
Hind_Left_Side_link,0.0184232919638169,0.00102036842319508,-0.00186242363500561,0,0,0,0.0514129225172108,1.20650402372314E-05,-1.13226864836926E-09,-6.16779591509363E-07,8.77945427259479E-06,-1.28745754051791E-09,9.29819859274948E-06,0,0,0,0,0,0,package://amph/meshes/Hind_Left_Side_link.STL,1,1,1,1,0,0,0,0,0,0,package://amph/meshes/Hind_Left_Side_link.STL,,后腿-1/新关节1改-1;后腿-1/双轴舵机-2;后腿-1/舵盘-1,Hind_Left_Side_joint,A_Hind_Left_Side_joint,Hind_Left_Side_joint,revolute,-0.078642510574228,0.0570000000000255,0.00155612434145495,0,0,3.14159265358979,base_link,-1,0,0,3.5,12,-0.52,2.36,,,,,,,,
Hind_Left_Thigh_link,-0.026,0.036316,-0.013716,0,0,0,0.036322,1.6726E-05,-8.2368E-11,2.0494E-11,2.1177E-05,5.3984E-06,2.9604E-05,0,0,0,0,0,0,package://amph/meshes/Hind_Left_Thigh_link.STL,1,1,1,1,0,0,0,0,0,0,package://amph/meshes/Hind_Left_Thigh_link.STL,,后腿-1/新关节2-1,Hind_Left_Thigh_joint,A_Hind_Left_Thigh_joint,Hind_Left_Thigh_joint,revolute,0.0220000153753706,0.0261000096574333,-0.0220000073922274,0,0,1.5707963267949,Hind_Left_Side_link,-1,0,0,3.5,12,-1.31,1.31,,,,,,,,
Hind_Left_Calf_link,-0.025504,0.0020515,-0.048602,0,0,0,0.074865,1.6348E-05,3.4816E-08,2.0172E-08,1.9358E-05,-3.4949E-07,8.8466E-06,0,0,0,0,0,0,package://amph/meshes/Hind_Left_Calf_link.STL,0.79216,0.81961,0.93333,1,0,0,0,0,0,0,package://amph/meshes/Hind_Left_Calf_link.STL,,后腿-1/双轴舵机-1;后腿-1/新下肢 新(2)-1;后腿-1/登山杖杖尖-1,Hind_Left_Calf_joint,A_Hind_Left_Calf_joint,Hind_Left_Calf_joint,revolute,0,0.0713593621686832,-0.0361640975470369,-1.01982031722611,0,0,Hind_Left_Thigh_link,1,0,0,3.5,12,-2.36,0.79,,,,,,,,
Hind_Left_Foot_link,-0.0091875,-0.00027094,0.010382,0,0,0,0.021376,2.6998E-06,-3.2914E-08,1.4725E-06,6.1412E-06,-2.0562E-08,4.975E-06,0,0,0,0,0,0,package://amph/meshes/Hind_Left_Foot_link.STL,0.79216,0.81961,0.93333,1,0,0,0,0,0,0,package://amph/meshes/Hind_Left_Foot_link.STL,,后腿-1/登山杖杖尖-1,Hind_Left_Foot,A_Hind_Left_Foot,A_Hind_Left_Foot,fixed,-0.0244001461112225,0.0112213171765679,-0.115181778272229,0,1.01982031722611,-1.5707963267949,Hind_Left_Calf_link,0,0,0,,,,,,,,,,,,
Hind_Right_Side_link,0.0184232920396631,0.00102036842967271,-0.00186242371085152,0,0,0,0.0514129225172108,1.20650402372314E-05,-1.13226864813811E-09,-6.16779591509359E-07,8.77945427259481E-06,-1.2874575407059E-09,9.29819859274951E-06,0,0,0,0,0,0,package://amph/meshes/Hind_Right_Side_link.STL,1,1,1,1,0,0,0,0,0,0,package://amph/meshes/Hind_Right_Side_link.STL,,后腿-4/新关节1改-1;后腿-4/双轴舵机-2;后腿-4/舵盘-1,Hind_Right_Side_joint,A_Hind_Right_Side_joint,Hind_Right_Side_joint,revolute,-0.078642510574228,-0.0649999999999738,0.00155612434143241,0,0,3.14159265358979,base_link,-1,0,0,3.5,12,-2.36,0.52,,,,,,,,
Hind_Right_Thigh_link,-0.0260001136856868,0.0363162978177904,-0.0137164925055826,0,0,0,0.0363223770811942,1.67260928797966E-05,-8.23682207506973E-11,2.04944889956431E-11,2.1176799994097E-05,5.39844273475308E-06,2.96044409395255E-05,0,0,0,0,0,0,package://amph/meshes/Hind_Right_Thigh_link.STL,1,1,1,1,0,0,0,0,0,0,package://amph/meshes/Hind_Right_Thigh_link.STL,,后腿-4/新关节2-1,Hind_Right_Thigh_joint,A_Hind_Right_Thigh_joint,Hind_Right_Thigh_joint,revolute,0.0220000079925918,0.0261000000008643,-0.0220000000094382,0,0,1.5707963267949,Hind_Right_Side_link,-1,0,0,3.5,12,-1.31,1.31,,,,,,,,
Hind_Right_Calf_link,-0.0255040545670905,0.002051538644728,-0.0486017259773516,0,0,0,0.074865151414654,1.63479978259075E-05,3.48159338453278E-08,2.01724088698883E-08,1.93580366633247E-05,-3.49487151444495E-07,8.84659111628853E-06,0,0,0,0,0,0,package://amph/meshes/Hind_Right_Calf_link.STL,0.792156862745098,0.819607843137255,0.933333333333333,1,0,0,0,0,0,0,package://amph/meshes/Hind_Right_Calf_link.STL,,后腿-4/登山杖杖尖-1;后腿-4/新下肢 新(2)-1;后腿-4/双轴舵机-1,Hind_Right_Calf_joint,A_Hind_Right_Calf_joint,Hind_Right_Calf_joint,revolute,0,0.0713593547822719,-0.0361641049332484,-1.01982031722609,0,0,Hind_Right_Thigh_link,1,0,0,3.5,12,-2.36,0.79,,,,,,,,
Hind_Right_Foot_link,-0.00918745763021567,-0.000270937029825447,0.0103819999359498,0,0,0,0.0213756586200501,2.69983380215477E-06,-3.29135921543657E-08,1.47250400576133E-06,6.14122096335249E-06,-2.05621597189345E-08,4.97496355131364E-06,0,0,0,0,0,0,package://amph/meshes/Hind_Right_Foot_link.STL,0.792156862745098,0.819607843137255,0.933333333333333,1,0,0,0,0,0,0,package://amph/meshes/Hind_Right_Foot_link.STL,,后腿-4/登山杖杖尖-1,Hind_Right_Foot,A_Hind_Right_Foot,A_Hind_Right_Foot,fixed,-0.0244001461112576,0.0112213171765707,-0.115181778272251,0,1.01982031722609,-1.57079632679491,Hind_Right_Calf_link,0,0,0,,,,,,,,,,,,
